id,title,year,gross
3281029,(500) Days of Summer,2009,32391374
3281254,(Untitled),2009,230600
3282830,10 Years,2011,203373
3284251,12 O'Clock Boys,2013,44108
3284268,12 Rounds,2009,12232937
3284317,12 Years a Slave,2013,56671993
3284421,127 Hours,2010,18335230
3285356,17 Again,2009,64167069
3285802,180° South,2010,29084
3287702,2 Guns,2013,75612460
3288398,200 Cartas,2013,6733
3289227,2012,2009,166112167
3289333,2012: Time for Change,2010,68339
3289632,2016: Obama's America,2012,33449086
3289871,21 & Over,2013,25682380
3289934,21 Jump Street,2012,138447667
3290989,28 Hotel Rooms,2012,16017
3292134,30 Beats,2012,14686
3292228,30 Minutes or Less,2011,37053924
3292839,360,2011,99603
3293929,42,2013,95001343
3294193,47 Ronin,2013,38362475
3294373,4:44 Last Day on Earth,2011,15738
3294594,5 Days of War,2011,17149
3295202,50/50,2011,35014192
3295783,6 Month Rule,2011,11158
3297689,8: The Mormon Proposition,2010,100135
3297777,9,2009,31743332
3298918,A Band Called Death,2012,125856
3299266,A Better Life,2011,1759252
3299423,A Bird of the Air,2011,3819
3301183,A Chemical Skyline,2010,1100
3301433,A Christmas Carol,2009,137855863
3302993,A Dangerous Method,2011,5702083
3305662,A Fierce Green Fire,2012,29570
3306993,A Girl and a Gun,2013,2262
3307386,A Good Day to Die Hard,2013,67349198
3307500,A Good Old Fashioned Orgy,2011,154604
3308124,A Haunted House,2013,40041683
3309910,A Late Quartet,2012,1561577
3310523,A Little Bit of Heaven,2011,10011
3310620,A Little Help,2010,85789
3311413,A Madea Christmas,2013,52440051
3311962,A Master Builder,2013,46874
3314362,A Nightmare on Elm Street,2010,63075011
3315151,A Perfect Getaway,2009,15536310
3315161,A Perfect Man,2013,388
3315371,A Picture of You,2013,5650
3315526,A Place at the Table,2012,230522
3317174,A Resurrection,2013,10730
3318296,A Serious Man,2009,9190525
3318831,A Single Man,2009,9166863
3318842,A Single Shot,2013,10020
3321331,A Thousand Words,2012,18438149
3321674,A torinói ló,2011,53690
3322704,A Very Harold & Kumar 3D Christmas,2011,35033759
3324700,A Year in Mooring,2011,29604
3325130,A.C.O.D.,2013,172344
3326434,Aatsinki: The Story of Arctic Cowboys,2013,2842
3327240,Abduction,2011,28087155
3328136,About Cherry,2012,2760
3328505,Abraham Lincoln: Vampire Hunter,2012,37519139
3331105,Act of Valor,2012,70012847
3331270,Action,2011,1470
3332003,Adam,2009,2277396
3332613,Addiction Incorporated,2011,39974
3333416,Admission,2013,18004225
3333992,Adult World,2013,16740
3334264,Adventureland,2009,16025394
3335247,Afflicted,2013,121179
3335647,African Cats,2011,15415270
3336156,After Earth,2013,60522097
3336574,After the Cup: Sons of Sakhnin United,2009,10033
3336833,After the Wizard,2011,3184
3336847,After Tiller,2013,66300
3336927,After.Life,2009,108229
3337123,Afternoon Delight,2013,174496
3337140,Afternoon of a Faun: Tanaquil Le Clercq,2013,172120
3337186,Aftershock,2012,40179
3339070,Ahead of Time: The Extraordinary Journey of Ruth Gruber,2009,33024
3339555,Ai Weiwei: Never Sorry,2012,485519
3340051,Ain't in It for My Health: A Film About Levon Helm,2010,102057
3340116,Ain't Them Bodies Saints,2013,387606
3342763,Al midan,2013,124244
3344052,Albert Nobbs,2011,3014696
3344811,Alex Cross,2012,25888412
3346145,Alice in Wonderland,2010,334191110
3346707,Alien Trespass,2009,104526
3346844,Aliens in the Attic,2009,25200412
3347487,All About Steve,2009,33860010
3348050,All Good Things,2010,578382
3348365,All Is Bright,2013,4556
3348384,All Is Lost,2013,6263670
3349790,All's Faire in Love,2009,17810
3351473,Almost Human,2013,6986
3352112,Alone Yet Not Alone,2013,668172
3352305,Alpeis,2011,5981
3352360,Alpha and Omega,2010,25077977
3353386,Alvin and the Chipmunks: Chipwrecked,2011,133110742
3353390,Alvin and the Chipmunks: The Squeakquel,2009,219614612
3355912,Amelia,2009,14241034
3356196,America the Beautiful 2: The Thin Commandments,2011,11926
3356551,American Animal,2011,5928
3356737,American Casino,2009,50876
3357152,American Grindhouse,2010,5529
3357266,American Hustle,2013,150117807
3357457,American Mustang,2013,48700
3357592,American Promise,2013,94000
3357643,American Reunion,2012,57011521
3357829,American Teacher,2011,30150
3358314,Amigo,2010,183490
3359819,Amreeka,2009,622164
3361094,An Education,2009,12574715
3361822,An Inconsistent Truth,2012,53109
3362489,An Oversimplification of Her Beauty,2012,65975
3365095,Anchorman 2: The Legend Continues,2013,127352707
3365286,And Everything Is Going Fine,2010,21073
3368003,Angels & Demons,2009,133375846
3370412,Anna,2013,4288
3371630,Anonymous,2011,4463292
3371891,Another Earth,2011,1316074
3372457,Answers to Nothing,2011,22029
3373860,Any Day Now,2012,200002
3375441,Apollo 18,2011,17686929
3377651,Arbitrage,2012,7918283
3378834,Argo,2012,136025503
3379563,Arlen Faber,2009,25589
3379976,Armored,2009,15988876
3381917,Arthur,2011,33035397
3381961,Arthur Christmas,2011,46462469
3383064,As Good as Dead,2010,1200000
3383113,As I Lay Dying,2013,15009
3386589,Assaulted: Civil Rights Under Fire,2013,6781
3386844,Assistance mortelle,2013,3000
3387287,Astro Boy,2009,19548064
3387752,At Any Price,2012,379791
3387769,At Berkeley,2013,5069
3387970,At Middleton,2013,49953
3389231,Atlantis Down,2010,8880
3389295,Atlas Shrugged II: The Strike,2012,3333823
3389296,Atlas Shrugged: Part I,2011,4752353
3389333,ATM,2012,2034
3391857,August: Osage County,2013,37738503
3392661,Austenland,2013,2151202
3394115,Avatar,2009,760507625
3395421,Away We Go,2009,9451946
3395705,Axe Giant: The Wrath of Paul Bunyan,2013,3287
3399414,Bachelorette,2012,447954
3399556,Back Door Channels: The Price of Peace,2009,11997
3400748,Backwards,2012,61465
3401037,Bad Blood,2012,3731
3401457,Bad Grandpa,2013,102003019
3401703,Bad Milo!,2013,19613
3401909,Bad Teacher,2011,100292856
3402011,Bad Words,2013,7764027
3402697,Baggage Claim,2013,21564616
3406622,Bandslam,2009,5205343
3412159,Battle for Brooklyn,2011,11141
3412229,Battle Los Angeles,2011,83552429
3412434,Battle of the Year,2013,8888355
3412613,Battleship,2012,65422625
3414426,BearCity,2010,5980
3414639,Beastly,2011,27865571
3414673,Beasts of the Southern Wild,2012,12795746
3415068,"Beats, Rhymes & Life: The Travels of a Tribe Called Quest",2011,1200046
3415258,Beautiful Boy,2010,77247
3415295,Beautiful Creatures,2013,19452138
3417212,Beer Wars,2009,220000
3417276,Beeswax,2009,46505
3417333,Beetle Queen Conquers Tokyo,2009,10068
3417549,Before Midnight,2013,8114627
3417976,Begin Again,2013,16170632
3417998,Beginners,2010,5790894
3418446,Behind the Burly Q,2010,23859
3419633,Being Elmo: A Puppeteer's Journey,2011,302652
3419647,Being Flynn,2012,526322
3420870,Bellflower,2011,167242
3421906,Beneath the Harvest Sky,2013,28116
3423380,Bernie,2011,9203192
3423493,Bert Stern: Original Madman,2011,32864
3424136,Best Man Down,2012,1842
3424547,Best Worst Movie,2009,103194
3425441,Bettie Page Reveals All,2012,102378
3426401,Beware of Mr. Baker,2012,114271
3426676,Beyond a Reasonable Doubt,2009,32409
3426874,Beyond Galilee,2012,3986
3428703,Bhutto,2010,100009
3429499,Bidder 70,2012,4809
3430834,Big Fan,2009,234422
3431185,Big Men,2013,43191
3431199,Big Miracle,2012,20113965
3431220,"Big Mommas: Like Father, Like Son",2011,37915414
3431585,Big Star: Nothing Can Hurt Me,2012,105030
3431599,Big Sur,2013,33621
3432122,Big Words,2013,7371
3433156,Bill Cunningham New York,2010,1510026
3436295,Bitch Slap,2009,17365
3438350,Black Dynamite,2009,228477
3439347,Black Nativity,2013,7017178
3439988,Black Swan,2010,106954678
3440461,Blackfish,2013,2063312
3441350,Blank City,2010,116037
3441948,"Bless Me, Ultima",2013,1553826
3444001,Blood Brother,2013,121160
3444113,Blood Done Sign My Name,2010,82739
3444796,Blood Ties,2013,41229
3446217,Blue Caprice,2013,86749
3446497,Blue Jasmine,2013,33405481
3446558,Blue Like Jazz,2012,1163310
3446805,Blue Ruin,2013,258113
3446933,Blue Valentine,2010,9737892
3452499,Booker's Place: A Mississippi Story,2012,5000
3455830,Bowl of Dreams,2011,60000
3456177,Boxing Gym,2010,34502
3457541,Brake,2012,4330
3457737,Branded,2012,353468
3458159,Brave,2012,237283207
3459073,Breakfast with Curtis,2012,6629
3459695,Breaking Upwards,2009,76382
3459935,Breath Made Visible: Anna Halprin,2009,8426
3460082,Breathe In,2013,15324
3461014,Bride Wars,2009,58715510
3461059,Bridesmaids,2011,169106725
3461349,Brief Interviews with Hideous Men,2009,27935
3461358,Brief Reunion,2011,8543
3462068,Bringing Up Bobby,2011,4975
3462895,Broadway Idiot,2013,26311
3463404,Broken City,2013,19701164
3463563,Broken Hill,2009,50076
3464310,Brooklyn Brothers Beat the Best,2011,7466
3464316,Brooklyn Castle,2012,219407
3464386,Brooklyn's Finest,2009,27154426
3464840,Brothers,2009,28501651
3464915,Brothers at War,2009,152798
3465789,Brutal Beauty: Tales of the Rose City Rollers,2010,8809
3466139,Brüno,2009,60054530
3466694,Buck,2011,4023123
3466884,Bucky Larson: Born to Be a Star,2011,2331318
3467322,Budrus,2009,68353
3468685,Bullet to the Head,2012,9483821
3468921,Bully,2011,4038876
3470135,Buried,2010,1028658
3470278,Burlesque,2010,39440655
3470386,Burn,2012,1109276
3472492,Butter,2011,70931
3474041,Byzantium,2012,84293
3475160,C.O.G.,2013,55301
3475240,Ca$h,2010,46451
3476011,Caesar and Otto's Summer Camp Massacre,2009,25844
3477303,California Solo,2012,15368
3477654,Call Me Kuchu,2012,8941
3477822,Call of the Wild,2009,28682
3479172,Camp,2013,324977
3480177,Can't Stand Losing You,2012,23193
3482265,Capitalism: A Love Story,2009,14359793
3482583,Captain America: The First Avenger,2011,176654505
3482870,Captain Phillips,2013,107100855
3485465,Carol Channing: Larger Than Life,2012,9949
3485846,Carrie,2013,35266619
3485906,Carriers,2009,90820
3486123,Cars 2,2011,191452396
3486219,Cartas a Elena,2011,7711
3486606,Casa de mi Padre,2012,5895238
3486897,Case 39,2009,13248477
3487274,Casino Jack and the United States of Money,2010,175604
3487393,Cassadaga,2011,1678
3487440,Casse-tête chinois,2013,335430
3487795,Casting By,2012,7900
3488737,Catch .44,2011,1887
3489049,Catfish,2010,3234373
3489288,Cats & Dogs: The Revenge of Kitty Galore,2010,43585753
3489453,Caucus,2013,8700
3490041,Cave of Forgotten Dreams,2010,5234785
3490309,CBGB,2013,40040
3490692,Cedar Rapids,2011,6857503
3491093,Celeste & Jesse Forever,2012,3094687
3491993,Centurion,2010,122288
3492217,Ceremony,2010,21666
3493141,Chain Letter,2009,143000
3493714,Chamaco,2009,408000
3494444,Chandni Chowk to China,2009,921738
3496440,Charlie St. Cloud,2010,31162545
3497166,Chasing Ice,2012,1328467
3497205,Chasing Mavericks,2012,6002756
3498048,Cheap Thrills,2013,59379
3499695,Chernobyl Diaries,2012,18119640
3499755,Cherry,2010,11362
3502330,Child of God,2013,37949
3502682,Children of Invention,2009,8992
3503346,Chimpanzee,2012,28965459
3504404,Chloe,2009,3074838
3506809,Christmas Ride,2013,700
3507175,Chronicle,2012,64575175
3508116,Church,2010,550000
3508319,Chuyen tình xa xu,2009,172453
3510341,Circle,2010,9730
3510533,Circo,2010,77466
3510700,Circumstance,2011,441404
3510979,Cirque du Freak: The Vampire's Assistant,2009,13838130
3511018,Cirque du Soleil: Worlds Away,2012,12495865
3511243,Citizen Koch,2013,153908
3511522,City Island,2009,6670712
3512844,Clash of the Titans,2010,163214888
3514172,Client 9: The Rise and Fall of Eliot Spitzer,2010,187540
3515100,Closed Circuit,2013,5733310
3515457,Cloud Atlas,2012,27108272
3515592,Cloudy with a Chance of Meatballs,2009,124870275
3515594,Cloudy with a Chance of Meatballs 2,2013,119793567
3517604,Code Black,2013,190229
3518427,Coherence,2013,68877
3519023,Cold Souls,2009,903148
3519131,Cold Weather,2010,141358
3519443,Collapse,2009,46964
3522454,Comic-Con Episode IV: A Fan's Hope,2011,34665
3522868,Coming Up Roses,2011,20491
3524383,Compliance,2012,318622
3524632,Computer Chess,2013,101218
3525069,Conan O'Brien Can't Stop,2011,267473
3525073,Conan the Barbarian,2011,21295021
3525583,Concussion,2013,38361
3526195,Confessions of a Shopaholic,2009,44277350
3526893,"Connected: An Autoblogography About Love, Death & Technology",2011,13301
3527919,Contagion,2011,75658097
3528382,Contraband,2012,66528000
3528441,Contracted,2013,4105
3529187,Conviction,2010,6783129
3529283,Cook County,2009,17977
3529564,Cool It,2010,62713
3529768,Cop Out,2010,44875481
3529986,Copperhead,2013,171740
3530214,Coraline,2009,75286229
3530566,Corman's World: Exploits of a Hollywood Rebel,2011,6468
3532827,Countdown to Zero,2010,271323
3533153,Country Strong,2010,20218921
3533404,Couples Retreat,2009,109205660
3533555,Courageous,2011,34522221
3534350,Cowboys & Aliens,2011,100240551
3534464,Cowgirls 'n Angels,2012,119782
3535198,Crank: High Voltage,2009,13630226
3535774,Crazy Eyes,2012,6106
3535825,Crazy Heart,2009,39462438
3535830,Crazy Horse,2011,155677
3535939,Crazy on the Outside,2010,64438
3536013,Crazy Wisdom: The Life & Times of Chogyam Trungpa Rinpoche,2011,80752
3536027,"Crazy, Stupid, Love.",2011,84351197
3536539,Creature,2011,327000
3537282,Crime After Crime,2011,58840
3538492,Crooked Arrows,2012,1830475
3538594,Cropsey,2009,52476
3539018,Crossing Over,2009,454149
3539606,Crude,2009,170295
3544520,Cutie and the Boxer,2013,200036
3545422,Cyrus,2010,7455447
3547371,Dabba,2013,4231500
3547970,Daddy's Home,2010,1012
3549609,Dallas Buyers Club,2013,27298285
3550297,Damsels in Distress,2011,1007535
3550748,Dance Flick,2009,25615792
3551261,Dancing Across Borders,2010,65060
3551398,Dancing in Jaffa,2013,134484
3554550,Dark Horse,2011,940430
3554933,Dark Shadows,2012,79727149
3555005,Dark Skies,2013,17411930
3555560,Darling Companion,2012,793352
3559203,Date Night,2010,98711404
3561353,Daybreak,2010,1217500
3561370,Daybreakers,2009,30101577
3561474,Daylight,2010,3883
3564494,Dead Awake,2010,712000
3565134,Dead Man Down,2013,10880926
3565868,Deadfall,2012,65804
3565872,Deadfall Trail,2009,35855
3566685,Dealin' with Idiots,2013,15308
3567091,Dear John,2010,80014842
3567218,Dear Mr. Watterson,2013,6800
3567539,Death at a Funeral,2010,42739347
3567607,Death by China,2012,37412
3567998,Death Metal Angola,2012,4674
3569418,Deceptive Practice: The Mysteries and Mentors of Ricky Jay,2012,151389
3569631,Decoding Annie Parker,2013,39850
3569633,Decoding Deepak,2012,9050
3570165,Deep in the Heart,2012,819000
3570962,Defendor,2009,44462
3571116,Definição,2010,63407915
3572485,Delivery Man,2013,30664106
3582566,Design Is One: The Vignellis,2012,16386
3583070,Desperate Endeavors,2012,4869
3583308,Despicable Me,2010,251513985
3583310,Despicable Me 2,2013,368061265
3584486,Detachment,2011,71177
3584715,Detention,2010,190
3584745,Detention of the Dead,2012,1332
3584998,Detropia,2012,356172
3585758,Devil,2010,33583175
3588011,Diana Vreeland: The Eye Has to Travel,2011,1004821
3588376,Diary of a Wimpy Kid,2010,64003625
3588377,Diary of a Wimpy Kid: Dog Days,2012,49008662
3588378,Diary of a Wimpy Kid: Rodrick Rules,2011,52698535
3588944,Did You Hear About the Morgans?,2009,29580087
3597567,Dinner for Schmucks,2010,73026337
3598966,Dirty Girl,2010,53630
3599406,Dirty Wars,2013,384473
3599908,Disconnect,2012,7435950
3601488,District 9,2009,115646235
3601992,Divided We Unite,2012,4000000
3602801,Django Unchained,2012,162805434
3604828,Documented,2013,5422
3606751,Dolphin Tale,2011,72286779
3607663,Don Jon,2013,24477704
3608047,Don't Be Afraid of the Dark,2010,24042490
3611023,Dorfman,2011,13737
3613187,Douchebag,2010,18117
3613591,Down by the River,2012,200000
3613885,Down the Shore,2011,4808
3614117,Downloaded,2013,8278
3614239,Downtown Express,2011,3474
3615416,Drag Me to Hell,2009,42100625
3615719,Dragonball Evolution,2009,9353573
3616763,Dream House,2011,21283440
3617404,Dreamkiller,2010,15514
3617877,Dredd,2012,13414714
3618718,Drinking Buddies,2013,342936
3618874,Drive,2011,35060689
3618891,Drive Angry,2011,10706786
3619494,Drool,2009,1199
3621588,Due Date,2010,100539043
3622551,Dumbstruck,2010,15017
3623113,Duplicity,2009,40572825
3624521,Dylan Dog: Dead of Night,2010,1183354
3624776,Dysfunctional Friends,2012,13546
3626664,Eames: The Architect & The Painter,2011,147591
3626926,Earth Days,2009,26484
3627633,Easy A,2010,58401464
3627952,Eat Pray Love,2010,80574010
3628491,Echelon Conspiracy,2009,500154
3628869,Echotone,2010,6345
3629847,Edge of Darkness,2010,43313890
3644042,Elaine Stritch: Shoot Me,2013,303100
3644859,Elektra Luxx,2010,10822
3645273,Elevate,2011,3547
3647285,Elysium,2013,93050117
3648881,Emperor,2012,5168217
3649326,Emptying the Skies,2013,11811
3651785,End of Watch,2012,41003371
3651918,Ender's Game,2013,61737191
3651978,Ending Taxation: The Only Game in Town,2010,17000
3653487,Enough Said,2013,17536788
3655151,Epic,2013,107518682
3655668,Equal Strength,2011,3085
3658254,Escape Fire: The Fight to Rescue American Healthcare,2012,97316
3658375,Escape from Planet Earth,2013,57012977
3658437,Escape from Tomorrow,2013,169719
3658474,Escape Plan,2013,25135965
3661413,Ethereal Everlasting,2011,69155
3662360,Europa Report,2013,125687
3663327,Even Eye,2012,10000
3663682,Evergreen: The Road to Legalization in Washington,2013,2363
3664311,Everybody's Fine,2009,8855646
3664762,Everything Must Go,2010,2711210
3665029,Evidence of a Haunting,2010,54474
3665133,Evil Bong 3: The Wrath of Bong,2011,91260
3665166,Evil Dead,2013,54239856
3665248,Evil Intent,2010,10000
3667947,Exporting Raymond,2010,83894
3668544,Extract,2009,10814185
3668644,Extraordinary Measures,2010,11854694
3669063,Extremely Loud & Incredibly Close,2011,31847881
3671667,Fading Gigolo,2013,3763973
3672036,Fair Game,2010,9528092
3673387,Falling Awake,2009,1598
3673516,Falling Overnight,2011,31000
3673999,Fame,2009,22455510
3675193,Fanboys,2009,688529
3675257,Fancypants,2011,4962
3675830,Fantastic Mr. Fox,2009,21002919
3676318,Far Out Isn't Far Enough: The Tomi Ungerer Story,2012,33428
3676571,Farewell Calm Days,2010,415
3676641,Farewell to Hollywood,2013,8458
3676856,Farmageddon,2011,55839
3677419,Fast & Furious,2009,155064265
3677523,Fast Five,2011,209837675
3677732,Faster,2010,23240020
3680450,Feed the Fish,2009,101160
3682501,Ferlinghetti: A City Light,2009,4816
3684435,Fifi az khoshhali zooze mikeshad,2013,13008
3685002,Fighting,2009,23036320
3685704,Filly Brown,2012,2833383
3686363,Filth,2013,34321
3686378,"Filth to Ashes, Flesh to Dust",2011,202531
3686789,Final Destination 5,2011,42587643
3687104,Final: The Rapture,2013,92100
3687478,Finding Bliss,2009,8983
3687705,Finding Joe,2011,55518
3687992,Finding Vivian Maier,2013,1514782
3689166,Fired Up!,2009,17231291
3690292,First Position,2011,1100000
3693610,Flex is Kings,2013,5418
3693862,Flight,2012,93772375
3694225,Flipped,2010,1752214
3696270,Flypaper,2011,1098
3696995,Follow Me: The Yoni Netanyahu Story,2012,109762
3698121,Footloose,2011,51802742
3698282,"For a Good Time, Call...",2012,1243961
3698479,For Colored Girls,2010,37721949
3698523,For Ellen,2012,7282
3698967,For No Good Reason,2012,67105
3700381,Foreign Letters,2012,80000
3701721,Formosa Betrayed,2009,225341
3701931,Fort McCoy,2011,73678
3704629,Frances Ha,2012,4063238
3705286,Frankenweenie,2012,35291068
3706180,Freakonomics,2010,100675
3706694,Free Birds,2013,55750480
3706937,Free the Mind,2012,157007
3708863,Friday the 13th,2009,65002019
3709394,Friends with Benefits,2011,55802754
3709400,Friends with Kids,2011,7250054
3709549,Fright Night,2011,18298649
3710536,From Mexico with Love,2009,548775
3710667,From Prada to Nada,2011,3016244
3711644,Frozen,2010,246177
3711650,Frozen,2013,400738009
3711903,Fruitvale Station,2013,16097842
3714360,Fun Size,2012,9402410
3714911,Funny People,2009,51855045
3715209,Furious 6,2013,238679850
3715308,Furry Vengeance,2010,17596256
3716974,G-Force,2009,119436770
3717089,G.I. Joe: Retaliation,2013,122523060
3717095,G.I. Joe: The Rise of Cobra,2009,152267519
3717764,Gagsters: The Movie,2011,370
3719361,Gamer,2009,20488579
3720488,Gangster Squad,2013,46000903
3721758,GasLand,2010,30846
3724715,General Education,2012,8601
3724886,Generation Iron,2013,849521
3724915,Generation P,2011,6724
3725742,Gentlemen Broncos,2009,113155
3727409,Get Him to the Greek,2010,60974475
3727470,Get Low,2009,9176553
3727837,Getaway,2013,10494494
3728937,Ghetto Physics,2010,10087
3729391,Ghost Rider: Spirit of Vengeance,2011,51774002
3729801,Ghosts of Girlfriends Past,2009,55250026
3730366,Gibsonburg,2013,247500
3731055,Gimme Shelter,2013,1359563
3731068,Gimme the Loot,2012,97768
3732064,Girl in Progress,2012,2594878
3732131,Girl Model,2011,21154
3732133,Girl Most Likely,2012,1378426
3732177,Girl on a Bicycle,2013,89378
3732566,Girls Against Boys,2012,6111
3735014,Glee: The 3D Concert Movie,2011,11860839
3736375,GMO OMG,2013,39900
3736467,Gnomeo & Juliet,2011,99967670
3736623,Go for It!,2011,178739
3736625,Go for Sisters,2013,55963
3736662,Go Get Some Rosemary,2009,20728
3737163,God Bless America,2011,122029
3737353,God Loves Uganda,2013,47991
3737395,God of Vampires,2010,56705
3738660,Going the Distance,2010,17804299
3740448,Gone,2012,11653123
3741170,Good Deeds,2012,35025791
3741382,Good Hair,2009,4157104
3741777,Good Ol' Freda,2013,136742
3742718,Goon,2011,4168144
3742995,Gore Vidal: The United States of Amnesia,2013,127743
3743875,Gottfried Helnwein and the Dreaming Child,2011,402
3744321,Grace,2009,6174
3744498,Grace Unplugged,2013,2507106
3745317,Grand Piano,2013,22353
3745913,Granito,2011,37790
3746193,Grassroots,2012,6497
3746482,Gravity,2013,274092705
3746907,Great Directors,2009,17921
3746931,Great Expectations,2012,258656
3747445,Greedy Lying Bastards,2012,93511
3747736,Green Guys,2011,710
3747766,Green Lantern,2011,116601172
3747921,Green Zone,2010,35053660
3747942,Greenberg,2010,4216789
3748230,Gregory Crewdson: Brief Encounters,2012,58978
3749100,Gringo Trails,2013,7587
3749986,Grown Ups,2010,162001186
3749989,Grown Ups 2,2013,133668525
3750164,Grudge Match,2013,29807260
3752277,Gulliver's Travels,2010,42779261
3752526,Gun Hill Road,2011,148994
3753672,Gutta Story,2011,17192
3753777,Guy and Madeline on a Park Bench,2009,35556
3758435,Hall Pass,2011,45060734
3758659,Halloween II,2009,33392973
3759315,Hamill,2010,75729
3760661,Handsome Harry,2009,22878
3761050,Hank and Asha,2013,10544
3761131,Hanna,2011,40259119
3761231,Hannah Montana: The Movie,2009,79566871
3761572,Hansel & Gretel: Witch Hunters,2013,55703475
3762059,Happiness Runs,2010,6051
3763047,Happy Tears,2009,22377
3763222,Happythankyoumoreplease,2010,215576
3764309,Hardflip,2012,96734
3765350,Harry Potter and the Deathly Hallows: Part 1,2010,295983305
3765351,Harry Potter and the Deathly Hallows: Part 2,2011,381011219
3765361,Harry Potter and the Half-Blood Prince,2009,301959197
3765751,Harvest,2010,24073
3765813,Harvest of Empire,2012,57566
3766092,Hashmatsa,2009,11410
3766457,Hatchet II,2010,62000
3766586,Hateship Loveship,2013,50573
3766632,Hating Breitbart,2012,81432
3767311,Hava Nagila: The Movie,2012,369753
3768284,Haywire,2011,18942396
3769139,He's Just Not That Into You,2009,93953653
3769289,Head Games,2012,14056
3773905,Hell and Back Again,2011,40634
3773920,Hell Baby,2013,4980
3774645,Hello Herman,2012,5985
3774657,Hello I Must Be Going,2012,106709
3776082,Henry's Crime,2010,101882
3776247,Her,2013,25568251
3776432,Her Cry: La Llorona Investigation,2013,29000
3777405,Herb & Dorothy 50X50,2013,6157
3777765,Here Comes the Boom,2012,45290318
3778113,Hereafter,2010,32746941
3778348,Herman's House,2012,4669
3779421,Hesher,2010,382946
3780463,"Hey, Boo: Harper Lee and 'To Kill a Mockingbird'",2010,31135
3782187,High School,2010,1039034
3782394,"High Tech, Low Life",2012,3032
3782542,Higher Ground,2011,841206
3786817,Hit and Run,2012,13746550
3786927,Hit So Hard,2011,30402
3787022,Hitchcock,2012,6008677
3789576,Holla II,2013,41537
3790838,Holy Rollers,2010,302886
3791835,Home Run,2013,2859955
3792142,Homecoming,2009,8500000
3792226,Homefront,2013,19783777
3792381,Homeless for the Holidays,2009,31477
3794267,Hoodwinked Too! Hood vs. Evil,2011,10143779
3794679,Hop,2011,108085305
3794990,Hope Springs,2012,63536011
3795572,Horns,2013,164480
3795788,Horrible Bosses,2011,117538559
3797828,Hot Tub Time Machine,2010,50287556
3798162,Hotel for Dogs,2009,73034460
3798379,Hotel Transylvania,2012,148313048
3798787,House at the End of the Street,2012,31611916
3799072,House of Good and Evil,2013,560000
3800044,How Do You Know,2010,30212620
3800258,How I Got Lost,2009,55000
3800496,"How Much Does Your Building Weigh, Mr Foster?",2010,12743
3801368,How to Grow a Band,2011,19237
3801457,How to Live Forever,2009,58764
3801576,How to Make Money Selling Drugs,2012,1500000
3801834,How to Survive a Plague,2012,132055
3801896,How to Train Your Dragon,2010,217581231
3802305,Howl,2010,617334
3803574,Hugo,2011,73864507
3804594,Hummingbird,2013,34956
3804685,Humpday,2009,406943
3808433,I Am,2010,1571355
3808689,I Am Divine,2013,63661
3809023,I Am Number Four,2011,55100437
3809597,I Can Do Bad All by Myself,2009,51733921
3810297,I Don't Know How She Does It,2011,9659074
3811153,I Hate Valentine's Day,2009,10060
3811373,I Hope They Serve Beer in Hell,2009,1425993
3811543,I Kissed a Vampire,2010,1380
3812422,I Love You Phillip Morris,2009,2035566
3812456,"I Love You, Beth Cooper",2009,14793904
3812480,"I Love You, Man",2009,71440011
3812683,I Melt with You,2011,4795
3813863,I Spit on Your Grave,2010,93051
3813864,I Spit on Your Grave 2,2013,441
3814296,I Used to Be Darker,2013,21964
3814720,I Want Your Money,2010,425899
3814950,I Will Follow,2010,360000
3815811,I'm in Love with a Church Girl,2013,2380405
3816173,I'm Still Here,2010,408719
3817112,Ice Age: Continental Drift,2012,161321843
3817119,Ice Age: Dawn of the Dinosaurs,2009,196573705
3818708,Identity Thief,2013,134506920
3819191,If a Tree Falls: A Story of the Earth Liberation Front,2011,61794
3819308,If I Die Tonight,2009,20175
3819744,If You Build It,2013,4949
3826695,Imagine That,2009,16088610
3827186,Immigration Tango,2010,23812
3827319,Immortals,2011,83504017
3828635,In a World...,2013,2962542
3830358,In My Sleep,2010,57190
3831122,In Secret,2013,420266
3831937,In the Family,2011,15724
3832247,In the Land of Blood and Honey,2011,303877
3833361,In Time,2011,37553932
3833841,In/Significant Others,2009,3763
3833970,InAPPropriate Comedy,2013,156414
3834303,Inception,2010,292576195
3836112,Inequality for All,2013,1205079
3837056,Inglourious Basterds,2009,120540719
3837173,Inhale,2010,4115
3837724,Inkubus,2011,81600
3839322,Inside Job,2010,4312735
3839352,Inside Llewyn Davis,2013,13235319
3839992,Insidious,2010,54009150
3839998,Insidious: Chapter 2,2013,83586447
3840017,InSight,2011,17011
3840267,InSpectres,2013,2175
3841296,Interior. Leather Bar.,2013,40862
3842898,Into the Abyss,2011,216262
3843707,Intruders,2011,69136
3844129,Inventing Our Life: The Kibbutz Experiment,2010,14413
3844293,Invictus,2009,37491364
3845457,Irene in Time,2009,194316
3845934,Iron Man 2,2010,312433331
3845947,Iron Man Three,2013,409013994
3848107,Isso Me Atormenta!,2010,2200548
3848641,It Felt Like Love,2013,31173
3849333,It's a Disaster,2012,38100
3849837,It's Complicated,2009,112735375
3850077,It's Kind of a Funny Story,2010,6350058
3852586,J. Edgar,2011,37306030
3853059,Jack & Diane,2012,1041
3853201,Jack and Jill,2011,74158157
3853358,Jack Goes Boating,2010,538808
3853549,Jack Reacher,2012,80070736
3853643,Jack the Giant Slayer,2013,65187603
3853939,Jackass 3D,2010,117224271
3855489,Jake Squared,2013,1681
3855966,Jamel Shabazz Street Photographer,2013,17378
3856841,Jane Eyre,2011,11242660
3858654,Jayne Mansfield's Car,2012,14376
3860168,Jean-Michel Basquiat: The Radiant Child,2010,256242
3860781,"Jeff, Who Lives at Home",2011,4244155
3861387,Jennifer's Body,2009,16204793
3862180,Jerusalem,2013,7993108
3862779,Jesus Henry Christ,2011,20183
3863442,Jewtopia,2012,45660
3864399,Jim,2010,13015
3864680,Jimi: All Is by My Side,2013,323032
3864869,Jimmy P.,2013,23220
3865492,Jiro Dreams of Sushi,2011,4139305
3866062,Joan Rivers: A Piece of Work,2010,2927972
3866264,Jobs,2013,16117443
3866406,Jodorowsky's Dune,2013,646512
3866458,Joe,2013,373375
3867391,John Carter,2012,73078100
3867464,John Dies at the End,2012,141307
3868233,Johnny English Reborn,2011,8305970
3869129,Jonah Hex,2010,10539414
3869174,Jonas Brothers: The 3D Concert Experience,2009,19161363
3870644,Journey 2: The Mysterious Island,2012,103860290
3870982,Journey to the South Pacific,2013,7616590
3871340,Joyful Noise,2012,30920167
3872223,Judy Moody and the Not Bummer Summer,2011,15000994
3873178,Julie & Julia,2009,94125426
3873784,Jumping the Broom,2011,37295394
3874987,Just 45 Minutes from Broadway,2012,115771
3875663,Just Go with It,2011,103028109
3876197,Just Say Love,2009,3898
3876414,Just Wright,2010,21520719
3876596,Justice Is Mind,2013,1570
3876757,Justin Bieber's Believe,2013,884857
3876783,Justin Bieber: Never Say Never,2011,73013910
3877810,K2: Siren of the Himalayas,2012,6947
3878299,Kaboom,2010,116478
3886770,Katy Perry: Part of Me,2012,25240988
3888197,Keep the Lights On,2012,245138
3890609,Kevin Hart: Laugh at My Pain,2011,7706436
3890610,Kevin Hart: Let Me Explain,2013,32244051
3892171,Kick-Ass,2010,48071303
3892172,Kick-Ass 2,2013,28795985
3892809,Kids for Cash,2013,91512
3893761,Kill the Irishman,2011,2478156
3893836,Kill Your Darlings,2013,1029949
3894137,Killer Joe,2011,1987762
3894372,Killers,2010,47059963
3894637,Killing Season,2013,27713
3894673,Killing Them Softly,2012,15026056
3895182,Kimjongilia,2009,2820
3896452,King's Faith,2013,90106
3896759,Kings of Pastry,2009,336174
3898158,Kiss of the Damned,2012,14325
3900027,Knight and Day,2010,76423035
3900134,Knights of Badassdom,2013,86796
3900693,Knowing,2009,79957634
3901091,Koch,2012,342212
3908001,Kumaré,2011,131417
3908349,Kung Fu Panda 2,2011,165249063
3912175,L!fe Happens,2011,2000000
3922435,La danse,2009,531762
3928522,La Mission,2009,1040000
3929411,La navaja de Don Juan,2013,3830
3937337,Labor Day,2013,13362308
3940439,Land of the Lost,2009,49438370
3940961,Language of a Broken Heart,2011,40293
3941486,Larger Than Life in 3D,2009,246042
3941618,Larry Crowne,2011,35608245
3943240,Last Call at the Oasis,2011,40846
3943445,Last Day of Summer,2009,45300
3943484,Last Days Here,2011,6695
3943594,Last Flight of the Champion,2013,2220
3943895,Last Night,2010,98986
3944095,Last Ounce of Courage,2012,3310439
3944504,Last Vegas,2013,63914167
3946297,Law Abiding Citizen,2009,73343413
3946424,Lawless,2012,37400127
3946609,Lay the Favorite,2012,20998
3956264,Leap Year,2010,25918920
3956496,Least Among Saints,2012,28026
3956782,Leaves of Grass,2009,68009
3956965,"Lebanon, Pa.",2010,48381
3958218,Legend of the Guardians: The Owls of Ga'Hoole,2010,55675313
3958338,Legendary,2010,191875
3958439,Legends of Oz: Dorothy's Return,2013,8462027
3958529,Legion,2010,40168080
3960169,Leonie!,2011,53692
3963463,Les Misérables,2012,148809770
3966493,Let Fury Have the Hour,2012,3386
3966721,Let Me In,2010,12134420
3966870,Let the Fire Burn,2013,59033
3968096,Letters to God,2010,2848578
3968100,Letters to Juliet,2010,53032453
3968586,Leviathan,2012,1092800
3968611,Levitated Mass,2013,9009
3969470,Liberal Arts,2012,317190
3971274,Life as We Know It,2010,53374681
3971442,Life During Wartime,2009,278821
3971543,Life in a Day,2011,247215
3972006,Life of a King,2013,5709
3972053,Life of Crime,2013,261695
3972083,Life of Pi,2012,124987023
3974127,Like Crazy,2011,3413908
3974132,Like Dandelion Dust,2009,352810
3975282,Limelight,2011,59654
3975395,Limitless,2011,79249455
3975552,Lincoln,2012,182207973
3975792,Line of Duty,2013,53668
3976215,Linsanity,2013,302645
3977588,Little Birds,2011,16590
3977980,Little Fockers,2010,148383780
3979198,Littlerock,2010,13927
3981395,Lo imposible,2012,19019882
3982253,Locke,2013,1361423
3982680,Logan,2010,10474
3982959,LOL,2012,46500
3983079,Lola Versus,2012,251913
3983359,London Boulevard,2010,6911
3983687,Lone Survivor,2013,125095601
3984100,Long Distance Revolutionary: A Journey with Mumia Abu-Jamal,2012,35806
3984385,Long Shot: The Kevin Laue Story,2012,28449
3985805,Looper,2012,66486205
3985988,Loosies,2011,3318
3989173,Lost and Found in Armenia,2012,120480
3989232,Lost Angels: Skid Row Is My Home,2010,11488
3989279,Lost Bohemia,2010,23584
3989754,Lost in the Future,2011,1165
3990325,Lost Woods,2012,58240
3990602,Lottery Ticket,2010,24708699
3990794,Louder Than a Bomb,2010,40362
3991247,Love & Other Drugs,2010,32367005
3991719,Love and Other Impossible Pursuits,2009,20585
3992300,Love Etc.,2010,10840
3992470,Love Happens,2009,22927390
3993842,Love Ranch,2010,134904
3994924,"Love, Wedding, Marriage",2011,1378
3995106,Lovelace,2013,356582
3995864,Low: Movie - How to Quit Smoking,2013,8475
3997265,Lucky Them,2013,32853
3999678,LUV,2012,138634
4002857,MacGruber,2010,8460995
4002931,Machete,2010,26593646
4002938,Machete Kills,2013,8008161
4003045,Machine Gun Preacher,2011,538690
4003827,Madagascar 3: Europe's Most Wanted,2012,216391482
4004515,Made in Cleveland,2013,9873
4004745,Madea Goes to Jail,2009,90485233
4004754,Madea's Big Happy Family,2011,53345287
4004760,Madea's Witness Protection,2012,65653242
4006417,Magic Mike,2012,113721571
4006542,Magic Trip: Ken Kesey's Search for a Kool Place,2011,153943
4007997,Maidentrip,2013,67705
4008267,Main Street,2010,2560
4009389,Make Your Move,2013,122293
4010464,Making the Boys,2011,33443
4013398,Man of Steel,2013,291045518
4013403,Man of Tai Chi,2013,100144
4013477,Man on a Ledge,2012,18620000
4013479,Man on a Mission: Richard Garriott's Road to the Stars,2010,8548
4015240,Maniac,2012,20551
4016350,Mansome,2012,18395
4018190,Margaret,2011,46495
4018347,Margin Call,2011,5354039
4019601,Marina Abramovic: The Artist Is Present,2012,86217
4020638,Marley,2012,1412124
4020695,Marmaduke,2010,33644788
4021253,Mars Needs Moms,2011,21379315
4021536,Martha Marcy May Marlene,2011,2981638
4022327,Marwencol,2010,112036
4026509,"Max Anderson, Private Eye",2013,1855
4026745,Max Rose,2013,56365
4027198,May in the Summer,2013,22004
4030022,Medeas,2013,5895
4030506,Meek's Cutoff,2010,977600
4030584,Meerkats,2011,767700
4030783,Meet Monica Velour,2010,31649
4031138,Meeting Evil,2012,181
4031450,Megamind,2010,148415853
4034684,Men in Black 3,2012,179020854
4035604,Mental,2012,17346
4036230,Mercy,2009,5096
4037812,Metallica Through the Never,2013,3419967
4041620,Middle Men,2009,723714
4041627,Middle of Nowhere,2012,78030
4041696,Midget Zombie Takeover,2013,11000
4041948,Midnight in Paris,2011,56816662
4046150,Mine,2009,11283
4047659,Miral,2010,371352
4048040,Mirror Mirror,2012,64935167
4048442,Mischief Night,2013,130000
4049387,Miss March,2009,4542775
4050537,Mission: Impossible - Ghost Protocol,2011,209397903
4050590,Missionary,2013,2120
4050841,Mistaken for Strangers,2013,137460
4056702,Money for Nothing,2013,43213
4056879,Moneyball,2011,75605492
4057413,Monogamy,2010,20202
4058373,Monsters University,2013,268492764
4058375,Monsters vs. Aliens,2009,198351526
4058624,Monte Carlo,2011,23186769
4058921,Monumental: In Search of America's National Treasure,2012,177729
4059514,Moonrise Kingdom,2012,45512466
4059719,Mooz-Lum,2010,330048
4060500,More Than the Rainbow,2012,1082
4061005,Morning,2010,2876
4061095,Morning Glory,2010,31011732
4062522,Mother and Child,2009,1110286
4062773,Mother of George,2013,145400
4063090,Motherhood,2009,92900
4064584,Movie 43,2013,8828771
4066640,Mr. Nobody,2009,3600
4066772,Mr. Popper's Penguins,2011,68224452
4068244,Much Ado About Nothing,2012,4327763
4068386,Mud,2012,21590086
4069820,Multiple Sarcasms,2010,28943
4070277,Munger Road,2011,266190
4071558,Muscle Shoals,2013,695625
4071700,Museum Hours,2012,83725
4072172,Musical Chairs,2011,31478
4074414,My Bloody Valentine,2009,51545952
4075238,My Dog Tulip,2009,246574
4076968,My Life in Ruins,2009,8662318
4077950,My One and Only,2009,2475970
4078103,My Perestroika,2010,241875
4078290,My Reincarnation,2011,92674
4078674,My Sister's Keeper,2009,49200230
4078803,My Soul to Take,2010,14637490
4079168,My Uncle Rafael,2012,210156
4079281,My Week with Marilyn,2011,14600347
4080201,Mystery Team,2009,77126
4082069,N-Secure,2010,2592808
4086369,Nanny McPhee and the Big Bang,2010,29197642
4086989,Narco Cultura,2013,144405
4089244,Natural Selection,2011,48153
4089377,Nature Calls,2012,382
4091473,Nebraska,2013,17654912
4092626,Neil Young Journeys,2011,214588
4095320,Never Let Me Go,2010,2434652
4095456,Never Stand Still,2012,13685
4096202,New in Town,2009,16734283
4096839,New Year's Eve,2011,54544638
4097336,Newlyweds,2011,4584
4097568,Next Day Air,2009,10017041
4097746,Next Year Jerusalem,2013,6931
4100002,Night at the Museum: Battle of the Smithsonian,2009,177243721
4100083,Night Catches Us,2010,75795
4100406,Night Moves,2013,252903
4102876,Nine,2009,19664021
4103261,Ninja Assassin,2009,38105077
4104185,Nitro Circus: The Movie,2012,3376905
4104557,No,2012,2343664
4105346,"No God, No Master",2013,6738
4105597,No Impact Man: The Documentary,2009,96396
4106403,No One Lives,2012,72140
4106626,No Place on Earth,2012,199659
4107227,No Strings Attached,2011,70662220
4108075,Nobody,2009,14271
4108203,Nobody Walks,2012,24995
4112167,Not Easily Broken,2009,10572742
4112201,Not Fade Away,2012,607327
4112257,Not Forgotten,2009,53723
4112603,Not Since You,2009,5670
4112756,Not Today,2013,317903
4113403,Nothing Left to Fear,2013,7886
4113659,Notorious,2009,36842118
4114499,Now & Later,2009,1808
4114740,Now You See Me,2013,117723989
4114766,"Now, Forager",2012,10895
4123049,Objectified,2009,8668
4123193,Oblivion,2013,89021735
4123462,Observe and Report,2009,23993605
4123502,Obsessed,2009,68261644
4123774,"OC87: The Obsessive Compulsive, Major Depression, Bipolar, Asperger's Movie",2010,43108
4124002,Occupy Unmasked,2012,51787
4124434,October Baby,2011,5355847
4124436,October Country,2009,26185
4124532,Oculus,2013,27695246
4124556,Océans,2009,19422319
4125813,Off and Running,2009,15205
4126475,Officer Down,2013,0
4127231,Oh My God,2009,38244
4128613,Oka!,2011,18364
4129285,Old Boy,2013,2162593
4129347,Old Dogs,2009,49492060
4130861,Olympus Has Fallen,2013,98925640
4132968,On the Ice,2011,70526
4133260,On the Road,2012,717753
4134770,Ondine,2009,548934
4135069,One Chance,2013,89722
4135179,One Day,2011,13843771
4135409,One Direction: This Is Us,2013,28873374
4135625,One for the Money,2012,26414527
4137187,One Peace at a Time,2009,9508
4137459,One Small Hitch,2013,5328
4137719,One Track Heart: The Story of Krishna Das,2012,90179
4138719,Only God Forgives,2013,778565
4138819,Only Lovers Left Alive,2013,1879534
4138968,Only the Young,2012,7138
4141778,Opposite Blood,2012,265000
4142601,Orchestra of Exiles,2012,34188
4143092,Orgasm Inc.,2009,47622
4143888,Orphan,2009,41596251
4146489,Otter 501,2012,23656
4147062,Our Family Wedding,2010,20246959
4147259,Our Idiot Brother,2011,24814830
4147584,Our Nixon,2013,19249
4148546,Out of Order,2013,1500000
4148771,Out of the Clear Blue Sky,2012,16050
4148853,Out of the Furnace,2013,11326836
4149148,Out the Gate,2011,21059
4149704,Outrage,2009,286654
4151321,Oy Vey! My Son Is Gay!!,2009,87154
4151481,Oz the Great and Powerful,2013,234911825
4152601,Pacific Rim,2013,101802906
4153240,Page One: Inside the New York Times,2011,1067028
4153395,Pague Um & Leve Todos,2009,19652919
4153568,Pain & Gain,2013,49875291
4154951,Palo Alto,2013,750100
4154958,Palo Pinto Gold,2009,57500
4155811,Pandora's Promise,2013,66643
4155828,Pandorum,2009,10330853
4157791,Paper Heart,2009,1269361
4157825,Paper Man,2009,15388
4159914,Paranoia,2013,7376027
4160004,Paranormal Activity 2,2010,84752907
4160005,Paranormal Activity 3,2011,104007828
4160008,Paranormal Activity 4,2012,53921300
4160122,ParaNorman,2012,56003051
4160654,Parental Guidance,2012,77267296
4160784,Pariah,2011,758099
4161436,Parker,2013,17609982
4161514,Parkland,2013,652355
4162037,Particle Fever,2013,869838
4164106,Passion Play,2010,3669
4164203,Passione,2010,258222
4164786,Patagonia Rising,2011,1674
4166404,Paul,2011,37412945
4166436,Paul Blart: Mall Cop,2009,146336178
4166508,Paul Goodman Changed My Life,2011,34605
4166705,Paul Williams Still Alive,2011,37649
4167199,Pawn,2013,2137
4167216,Pawn Shop Chronicles,2013,4915
4167964,"Peace, Love & Misunderstanding",2011,539896
4168266,Pearl Jam Twenty,2011,454784
4168942,Peep World,2010,10908
4168999,Peeples,2013,9123834
4169612,Pelotero,2011,44689
4170758,People Like Us,2012,12412386
4170852,People v. The State of Illusion,2012,38332
4171625,Percy Jackson & the Olympians: The Lightning Thief,2010,88761720
4171628,Percy Jackson: Sea of Monsters,2013,68559554
4171858,Perestroika,2009,21684
4174620,Pete Smalls Is Dead,2010,10000
4174717,Peter and Vandy,2009,11276
4175866,Phantom,2013,1200000
4176427,Phil Ochs: There But for Fortune,2010,259362
4176679,Philomena,2013,37707719
4177291,Photographic Memory,2011,7711
4178429,Picture Me: A Model's Diary,2009,11848
4181926,Piranha 3D,2010,25003155
4181928,Piranha 3DD,2012,376512
4182130,Pirates of the Caribbean: On Stranger Tides,2011,241071802
4182696,Pitch Perfect,2012,65001093
4183870,Planes,2013,90288712
4183891,Planet 51,2009,42086887
4184970,Play the Game,2009,661209
4185111,Playback,2012,252
4185851,Playing for Keeps,2012,13101142
4186424,Please Give,2010,4033268
4187330,Plush,2013,2843
4189574,Polanski,2009,4843
4195160,Post Grad,2009,6373693
4198478,Preacher's Kid,2010,514522
4198543,Precious,2009,47395661
4198733,Predators,2010,52000688
4199717,Premium Rush,2012,20275446
4201373,Price Check,2012,6240
4201740,Priest,2011,29136626
4202541,Prince Avalanche,2013,204951
4202666,Prince of Persia: The Sands of Time,2010,90759676
4202926,Princess Ka'iulani,2009,883887
4203700,Prisoners,2013,61002302
4206624,Project Nim,2011,410077
4206764,Project X,2012,54731865
4207045,Prom,2011,10130219
4207202,Prometheus,2012,126477084
4207329,Promised Land,2012,7597898
4208460,Provinces of Night,2010,12971
4210093,Public Enemies,2009,97104620
4210213,Public Speaking,2010,61640
4211418,Puncture,2011,67071
4212454,Purgatorio,2012,171060
4212957,Push,2009,31806100
4213226,Puss in Boots,2011,149260504
4214052,Putty Hill,2010,48132
4217747,Queen of the Lot,2010,158233
4220012,R.I.P.D.,2013,33618855
4220156,Ra.One,2011,2511689
4220423,Rabbit Hole,2010,2229058
4220815,Race to Witch Mountain,2009,67172594
4221027,Racing Dreams,2009,63052
4221500,Radio Free Albemuth,2010,5553
4221638,Radio Unnameable,2012,24017
4224660,Ramona and Beezus,2010,26161406
4224724,Rampart,2011,969239
4225394,Rango,2011,123477607
4227394,Raw Faith,2010,1486
4227832,Raze,2013,3453
4229179,Real Steel,2011,85468508
4231340,RED,2010,90380162
4231410,RED 2,2013,53262560
4231710,Red Dawn,2012,44806783
4231973,Red Hook Summer,2012,338803
4232179,Red Lights,2012,52624
4232434,Red Riding Hood,2011,37662162
4232722,Red State,2011,1104682
4232767,Red Tails,2012,49876377
4233220,Redemption Road,2010,27012
4233552,Redwood Highway,2013,132297
4234409,Refuge,2012,2554
4235700,Rejoice and Shout,2010,100119
4236676,Remember Me,2010,19068240
4238088,Renovation,2010,146146
4238425,Repentance,2013,1179327
4238606,Repo Men,2010,13794835
4239622,Resident Evil: Afterlife,2010,60128566
4239635,Resident Evil: Retribution,2012,42345531
4240291,Restless,2011,163141
4240478,Restrepo,2010,1330894
4240566,Resurrect Dead: The Mystery of the Toynbee Tiles,2011,14861
4241335,Return,2011,6717
4242575,Revenge of the Electric Car,2011,150307
4242603,Revenge of the Mekons,2013,11568
4245200,Rid of Me,2011,10373
4245214,Riddick,2013,42025135
4247291,Rio,2011,143619809
4247980,Rise of the Guardians,2012,103412758
4247997,Rise of the Planet of the Apes,2011,176760185
4248021,Rise of the Undead,2013,450
4248134,Rising from Ashes,2012,37673
4249774,Road to Nowhere,2010,40294
4249978,Roadie,2011,7556
4250934,Robin Hood,2010,105269730
4251334,Robot & Frank,2012,3325638
4252185,Rock of Ages,2012,38518613
4256006,Room 237,2012,259765
4257515,Rosencrantz and Guildenstern Are Undead,2009,71007
4259486,Royal Kill,2009,50090
4260310,Ruby Sparks,2012,2540106
4262032,Runaway Slave,2012,47813
4262183,Runner Runner,2013,19316646
4262352,Running from Crazy,2013,31761
4262943,Rush,2013,26947624
4267377,Safe,2012,17142080
4267453,Safe Haven,2013,71349120
4267481,Safe House,2012,126373434
4267659,Safety Not Guaranteed,2012,4010957
4268613,Saint John of Las Vegas,2009,102645
4268636,Saint Misbehavin': The Wavy Gravy Movie,2009,28772
4269301,Sal,2011,6800
4269786,Salinger,2013,575775
4270202,Salt,2010,118311368
4270655,Salvation Boulevard,2011,27445
4271941,Samsara,2011,2601847
4272939,Sanctum,2011,23070045
4277967,Savages,2012,47382068
4278010,Savannah,2013,36746
4278185,Save the Date,2012,3755
4278611,Saving Mr. Banks,2013,83301580
4278882,Saw 3D,2010,45710178
4278904,Saw VI,2009,27669413
4280313,Scary Movie 5,2013,32015787
4280364,Scatter My Ashes at Bergdorf's,2013,501625
4283392,Scorn,2011,2206
4283599,Scott Pilgrim vs. the World,2010,31494270
4284038,Scream 4,2011,38180928
4286577,Season of the Witch,2011,24827228
4286667,Seasons of Gray,2013,70600
4288085,Secretariat,2010,59713955
4289843,Seeking a Friend for the End of the World,2012,6619173
4289872,Seeking Justice,2011,390571
4293168,Senna,2010,1612430
4294459,Serbuan maut,2011,4105123
4294942,Serious Moonlight,2009,25137
4296314,Seven Days in Utopia,2011,18000000
4297267,Sex and the City 2,2010,95347692
4302145,Shanghai,2010,44689
4302165,Shanghai Calling,2012,10443
4303023,Shark Night 3D,2011,18872522
4304787,She's Out of My League,2010,31584722
4305957,Shepard & Dark,2012,9684
4306094,Sherlock Holmes,2009,209028679
4306160,Sherlock Holmes: A Game of Shadows,2011,187573200
4309616,Sholem Aleichem: Laughing in the Darkness,2011,906666
4310509,Short Term 12,2013,1010414
4310594,Shorts,2009,20916309
4311603,Shrek Forever After,2010,238371987
4311770,Shrink,2009,189332
4312494,Shutter Island,2010,128012934
4313900,Side by Side,2012,28592
4313937,Side Effects,2013,32172757
4315933,Silent Hill: Revelation,2012,17529157
4315940,Silent House,2011,12555230
4316050,Silent Night,2012,14567
4316754,Silver Circle,2013,4080
4316825,Silver Linings Playbook,2012,132092958
4317305,Simon Killer,2012,21303
4318022,Sin nombre,2009,2534351
4318768,Sing Your Song,2011,47718
4319278,Sinister,2012,48086903
4320510,Sistemas,2009,2276347
4322195,Skateland,2010,14944
4323934,Skyfall,2012,304360277
4324022,Skyline,2010,21371425
4324624,Slaughter Creek,2011,116487
4325546,Sleepwalk with Me,2012,2263436
4327597,"Small, Beautifully Moving Parts",2011,6711
4327775,Smash & Grab: The Story of the Pink Panthers,2013,18765
4327796,Smash His Camera,2010,2367
4327833,Smashed,2012,375981
4328256,Smiling Through the Apocalypse,2013,4198
4329225,Snake & Mongoose,2013,152200
4330041,Snitch,2013,42930462
4330350,Snow Flower and the Secret Fan,2011,1348205
4330481,Snow White and the Huntsman,2012,155332381
4330713,Snowpiercer,2013,4563650
4331273,So This Is Christmas,2013,6934
4333264,Sol LeWitt,2012,11022
4333822,Soldiers of Fortune,2012,38842
4334285,Solitary Man,2009,4360548
4335602,Somebody Up There Likes Me,2012,83796
4335964,Something Borrowed,2011,39046489
4336043,Something from Nothing: The Art of Rap,2012,288312
4336501,Somewhere,2010,1768416
4336521,Somewhere Between,2011,193082
4336711,Somm,2012,170561
4339540,Sorority Row,2009,11956207
4340519,Soul Surfer,2011,43853424
4340600,Souldier,2013,1500
4340793,Sound City,2013,422417
4340850,Sound of My Voice,2011,405614
4341205,Source Code,2011,54712227
4341634,South of the Border,2009,166611
4343593,Spark: A Burning Man Story,2013,120059
4343608,Sparkle,2012,24397469
4344908,Speed-Dating,2010,6188
4346403,Spinning Plates,2012,109757
4347145,Splice,2009,16999046
4347192,Splinterheads,2009,16392
4347536,Spoken Word,2009,32728
4348519,Spread,2009,249590
4348696,Spring Breakers,2012,14123773
4349290,Spy Kids: All the Time in the World in 4D,2011,38538188
4351270,Stake Land,2010,18469
4351915,Stand Up Guys,2012,3301046
4352106,Standing Ovation,2010,531806
4352755,Star Trek,2009,257730019
4352882,Star Trek: Into Darkness,2013,228778661
4353724,Starlet,2012,87910
4354549,State of Play,2009,37017955
4356357,Step Up 3D,2010,42400223
4356361,Step Up Revolution,2012,35074677
4356734,Stereotype,2013,125000
4356955,Steve Jobs: The Lost Interview,2012,104286
4358845,Stoker,2013,1702277
4358873,Stolen,2012,304318
4358984,Stolen Lives,2009,7306
4359162,Stone,2010,1796024
4359389,Stonewall Uprising,2010,127940
4361442,Strange Powers: Stephin Merritt and the Magnetic Fields,2010,68094
4361906,Strangers Online,2009,968
4362284,Straw Dogs,2011,10324441
4362769,Street Dreams,2009,84944
4362839,Street Fighter: The Legend of Chun-Li,2009,8742261
4363199,Streetballers,2009,29165
4364544,Struck by Lightning,2012,22930
4364899,Stuck in Love,2012,78950
4366427,Submarine,2010,466702
4367285,Sucker Punch,2011,36392502
4371770,Super,2010,322157
4371789,Super 8,2011,127004179
4371999,Super Capers: The Origins of Ed and the Missing Bullion,2009,30955
4372922,Supercapitalist,2012,13220
4373376,Supermensch: The Legend of Shep Gordon,2013,212701
4374879,Surrogates,2009,38577772
4375041,Survival of the Dead,2009,101740
4375641,Sushi: The Global Catch,2011,5757
4378142,Sweet Dreams,2013,58344
4378726,Sweetgrass,2009,206728
4378813,Sweethearts of the Prison Rodeo,2009,5922
4378901,Sweetwater,2012,250000
4380315,Sympathy for Delicious,2010,13114
4380876,Syrup,2013,656
4383365,Tabloid,2010,680468
4385503,Take Me Home,2011,15374
4385525,Take Me Home Tonight,2011,6923891
4385712,Take Shelter,2011,1729969
4385942,Taken 2,2012,139854287
4386025,Takers,2010,57744720
4386382,Taking Woodstock,2009,7443007
4386887,Tales from the Script,2009,6764
4388217,Tamo i ovde,2009,27156
4388592,Tangled,2010,200821936
4389075,Tanner Hall,2009,5005
4392269,Tchoupitoulas,2012,10431
4393606,Ted,2012,218815487
4394327,Teenage,2013,19500
4396749,Temptation: Confessions of a Marriage Counselor,2013,51975354
4398709,Terminator Salvation,2009,125322469
4398790,Terms and Conditions May Apply,2013,55594
4399140,Terri,2011,653578
4399857,Test,2013,18172
4400312,Tetro,2009,518522
4400510,Texas Chainsaw 3D,2013,34341945
4400551,Texas Killing Fields,2011,45282
4401339,Thanks for Sharing,2012,1059239
4401659,That Evening Sun,2009,280343
4402226,That's My Boy,2012,36931089
4402811,The 12 Day Smile,2011,120000
4404211,The 5th Quarter,2010,399611
4404596,The A-Team,2010,77222099
4404683,The ABCs of Death,2012,21660
4405269,The Adjustment Bureau,2011,62495645
4405963,The Adventures of Tintin,2011,77591831
4406124,The Afflicted,2011,175742
4407037,The Amazing Spider-Man,2012,262030663
4407138,The American,2010,35606376
4408273,The Apparition,2012,4930798
4408729,The Armstrong Lie,2013,381703
4409035,The Art of Getting By,2011,1429260
4409266,The Art of the Steal,2009,541027
4409267,The Art of the Steal,2013,61446
4409415,The Artist,2011,44671682
4410367,The Avengers,2012,623357910
4410796,The Babymakers,2012,5215
4410985,The Back-up Plan,2010,37490007
4411114,The Bad Lieutenant: Port of Call - New Orleans,2009,1697956
4412698,The Bay,2012,30474
4413020,The Beat Hotel,2012,5571
4413291,The Beaver,2011,970816
4414015,The Best Exotic Marigold Hotel,2011,46412041
4414097,The Best Man Holiday,2013,70525195
4415196,The Big Gay Musical,2009,22346
4415668,The Big Wedding,2013,21784432
4415680,The Big Year,2011,7204138
4416530,The Black Dove,2012,22150
4416736,The Black Power Mixtape 1967-1975,2011,264324
4416876,The Black Waters of Echo's Pond,2009,224409
4417165,The Blind Side,2009,255959475
4417199,The Bling Ring,2013,5841046
4418352,The Book of Eli,2010,94835059
4418454,The Book Thief,2013,21488481
4418530,The Boondock Saints II: All Saints Day,2009,10269307
4418852,The Bounceback,2013,6047
4418890,The Bounty Hunter,2010,67061228
4418924,The Bourne Legacy,2012,113203870
4419022,The Box,2009,15045676
4419606,The Boys: The Sherman Brothers' Story,2009,54852
4419751,The Brass Teapot,2012,6643
4421996,The Butler,2013,116632095
4422113,The Butterfly Room,2012,1081
4422257,The Cabin in the Woods,2012,42073277
4422496,The Call,2013,51872378
4422823,The Campaign,2012,86907746
4423061,The Canyon,2009,1785
4423070,The Canyons,2013,49494
4423590,The Cartel,2009,6217
4424109,The Catechism Cataclysm,2011,1933
4424402,The Central Park Five,2012,273747
4424761,The Change-Up,2011,37081475
4425958,The Christmas Candle,2013,2209479
4426147,The Chronicles of Narnia: The Voyage of the Dawn Treader,2010,104386950
4426424,The Citizen,2012,24296
4427626,The Cold Light of Day,2012,3749061
4427709,The Collection,2012,6842058
4427750,The Collector,2009,7706394
4427994,The Color Wheel,2011,12400
4428185,The Comedy,2012,41113
4428468,The Company Men,2010,4439063
4428479,The Company You Keep,2012,5132442
4428966,The Conjuring,2013,137400141
4429123,The Conspirator,2010,11538204
4429187,The Consultants,2009,85000
4429449,The Convincer,2011,789752
4430005,The Counselor,2013,16973715
4430330,The Cove,2009,869730
4430729,The Crazies,2010,39123589
4431178,The Croods,2013,187168425
4431242,The Cross,2009,726159
4433055,The Dark Knight Rises,2012,448139099
4433276,The Darkest Hour,2011,21426805
4433630,The Day,2011,20502
4434737,The Debt,2010,31177548
4435527,The Descendants,2011,82624961
4435771,The Details,2011,63595
4436008,The Devil Inside,2012,53261944
4436747,The Dictator,2012,59650222
4436833,The Dilemma,2011,48475290
4437240,The Discoverers,2012,50020
4437487,The Divide,2011,22000
4437648,The Do-Deca-Pentathlon,2012,10000
4437827,The Dog,2013,44532
4438390,The Doors: When You're Strange,2009,238632
4439420,The Dry Land,2010,7351
4439887,The Eagle,2011,19490041
4440034,The East,2013,2268296
4441432,The End of Love,2012,8326
4443074,The Expendables,2010,103068524
4443076,The Expendables 2,2012,85017401
4443148,The Exploding Girl,2009,24705
4443244,The Extra Man,2010,453079
4443738,The Face of Love,2013,309427
4444379,The Family,2013,36918811
4444520,The Family Tree,2011,3658
4445679,The Fifth Estate,2013,3254172
4445847,The Fighter,2010,93617009
4446241,The Final Destination,2009,66477700
4446939,The First Grader,2010,330533
4447152,The First Time,2012,17061
4447375,The Fitzgerald Family Christmas,2012,13800
4447458,The Five-Year Engagement,2012,28835528
4448754,The Forgiveness of Blood,2011,119683
4449235,The Fourth Kind,2009,25464480
4449359,The FP,2011,40557
4449513,The Freebie,2010,8300
4450218,The Future,2011,568366
4450386,The Galapagos Affair: Satan Came to Eden,2013,247159
4451647,The Ghastly Love of Johnny X,2012,2436
4451932,The Giant Mechanical Man,2012,5360
4452550,The Girl from the Naked Eye,2012,17401
4452835,The Girl on the Train,2013,2874
4453011,The Girl with the Dragon Tattoo,2011,102515793
4453086,The Girlfriend Experience,2009,695417
4454311,The Good Doctor,2011,4106
4454374,The Good Guy,2009,100503
4454385,The Good Heart,2009,19959
4454719,"The Goods: Live Hard, Sell Hard",2009,15102127
4454955,The Grace Card,2010,2428241
4455702,The Great Flood,2012,11192
4455740,The Great Gatsby,2013,144840419
4456350,The Greatest,2009,115862
4456464,The Greatest Movie Ever Sold,2011,638476
4456560,The Greed of Men,2013,73000
4456685,The Green Hornet,2011,98780042
4456696,The Green Inferno,2013,7192291
4456866,The Grey,2011,51580236
4457414,The Guilt Trip,2012,37134215
4458218,The Hangover,2009,277322503
4458221,The Hangover Part II,2011,254464305
4458222,The Hangover Part III,2013,112200072
4458337,The Happy House,2013,2311
4458559,The Harimaya Bridge,2009,54473
4458684,The Harvest/La Cosecha,2011,2245
4458903,The Haunted Swing,2013,5000
4458927,The Haunting in Connecticut,2009,55389516
4459526,The Heat,2013,159582188
4459742,The Help,2011,169708112
4460322,The Highest Pass,2011,20386
4460603,The History of Future Folk,2012,17646
4460888,The Hobbit: An Unexpected Journey,2012,303003568
4460900,The Hobbit: The Desolation of Smaug,2013,258366855
4461847,The Horse Boy,2009,155984
4461940,The Host,2013,26627201
4462232,The House I Live In,2012,210752
4462403,The House of the Devil,2009,100659
4462729,The Human Centipede II (Full Sequence),2011,122890
4462987,The Hunger Games,2012,408010692
4462999,The Hunger Games: Catching Fire,2013,424668047
4463620,The Iceman,2012,1939441
4463688,The Ides of March,2011,40962534
4463839,The Imaginarium of Doctor Parnassus,2009,7689607
4463887,The Immigrant,2013,2013456
4464022,The Imperialists Are Still Alive!,2010,2832
4464307,The Incredible Burt Wonderstone,2013,22525921
4464593,The Inevitable Defeat of Mister & Pete,2013,487348
4464719,The Informant!,2009,33313582
4464917,The Innkeepers,2011,77501
4465271,The International,2009,25450527
4465332,The Internship,2013,44672764
4465435,The Interrupters,2011,282448
4465783,The Invention of Lying,2009,18439082
4465983,The Invisible War,2012,71968
4466060,The Iran Job,2012,23019
4466325,The Island President,2011,75233
4467331,The Joneses,2009,1474508
4468055,The Karate Kid,2010,176591618
4468699,The Kids Are All Right,2010,20811365
4468714,The Kids Grow Up,2009,10241
4468816,The Killer Inside Me,2010,214966
4469394,The King's Speech,2010,138797449
4469485,The Kings of Summer,2013,1290312
4470840,The Last Airbender,2010,131564731
4471529,The Last Exorcism,2010,41034350
4471530,The Last Exorcism Part II,2013,15179302
4471673,The Last Godfather,2010,163591
4471821,The Last House on the Left,2009,32721635
4471844,The Last Hurrah,2009,10000
4472041,The Last Lions,2011,635325
4472196,The Last Mountain,2011,119697
4472280,The Last of Robin Hood,2013,269642
4472868,The Last Song,2010,62950384
4472898,The Last Stand,2013,12050299
4474012,The Ledge,2011,5176
4474384,The Legend of Pale Male,2009,38083
4475945,The Limits of Control,2009,425025
4475969,The Lincoln Lawyer,2011,58009200
4477415,The Lone Ranger,2013,89302115
4477490,The Loneliest Planet,2011,128519
4478244,The Lorax,2012,214030500
4478333,The Lords of Salem,2012,1163508
4478361,The Losers,2010,23580735
4478961,The Lottery,2010,51542
4479395,The Lovely Bones,2009,43818839
4479661,The Lucky One,2012,60457138
4480387,The Magic of Belle Isle,2012,100910
4482868,"The Man Nobody Knew: In Search of My Father, CIA Spymaster William Colby",2011,183342
4483501,The Man with the Iron Fists,2012,15634090
4483862,The Manzanar Fishing Club,2012,13433
4483914,The Marc Pease Experience,2009,2641
4484575,The Master,2012,16377274
4485187,The Mechanic,2011,29121498
4485603,The Men Who Stare at Goats,2009,32416109
4485938,The Messenger,2009,1108684
4486444,The Mighty Macs,2009,1864952
4486962,The Ministers,2009,2844
4487510,The Missing Person,2009,17580
4488681,The Mortal Instruments: City of Bones,2013,31165421
4488788,The Most Dangerous Man in America: Daniel Ellsberg and the Pentagon Papers,2009,453483
4488903,The Moth Diaries,2011,3838
4489437,The Muppets,2011,88631237
4489676,The Music Never Stopped,2011,258077
4490271,The Myth of the American Sleepover,2010,39001
4490735,The Nature of Existence,2010,52799
4490900,The Necessary Death of Charlie Countryman,2013,7973
4492147,The Next Three Days,2010,21148651
4493490,The Oath,2010,42117
4493512,The Obama Effect,2012,110251
4493691,The Odd Life of Timothy Green,2012,51853450
4494361,The Olivia Experiment,2012,14488
4494764,The Only Real Game,2013,5384
4494825,The Oogieloves in the Big Balloon Adventure,2012,1064277
4494868,The Open Road,2009,19348
4495104,The Oranges,2011,364875
4495469,The Oscar Nominated Short Films 2013: Animation,2013,2134206
4495471,The Oscar Nominated Short Films 2013: Live Action,2013,2142342
4495484,The Oscar Nominated Short Films: Animation,2011,1350640
4495571,The Other City,2010,22221
4495587,The Other Dream Team,2012,133778
4495599,The Other F Word,2011,53214
4495634,The Other Guys,2010,119219978
4496574,The Package,2013,1469
4497102,The Paperboy,2012,692640
4498447,The Pendant,2010,7200
4498788,The Perfect Family,2011,107721
4498813,The Perfect Game,2009,1089445
4498856,The Perfect Host,2010,48430
4499202,The Perks of Being a Wallflower,2012,17738570
4500286,The Pink Panther 2,2009,35922978
4500439,The Pirates! In an Adventure with Scientists!,2012,31051126
4500597,The Place Beyond the Pines,2012,21383298
4500934,The Playroom,2012,3900
4500990,The Pleasures of Being Out of Step,2013,12486
4501822,The Possession,2012,49130154
4502076,The Power of Few,2013,30444
4502616,The Pretty One,2013,11186
4503168,The Princess and the Frog,2009,104400899
4504177,The Proposal,2009,163958031
4504352,The Providence Effect,2009,62500
4504386,The Pruitt-Igoe Myth,2011,44683
4504604,The Punk Singer,2013,121418
4504698,The Purge,2013,64473115
4505111,The Queen of Versailles,2012,2401652
4506292,The Raven,2012,16008272
4508105,The Reluctant Fundamentalist,2012,519535
4508693,The Retrieval,2013,50257
4509225,The Revisionaries,2012,21731
4510129,The Rite,2011,33047633
4510352,The River Within,2009,9810
4510396,The Road,2009,8104518
4510611,The Road to Freedom,2010,33000
4511280,The Romantics,2010,103280
4511453,The Roommate,2011,37300107
4512059,The Rum Diary,2011,13100042
4512191,The Runaways,2010,3571735
4512474,The Sacrament,2013,9039
4513188,The Saratov Approach,2013,2137705
4514988,The Secret Life of Walter Mitty,2013,58236838
4515711,The September Issue,2009,3820700
4515851,The Sessions,2012,6002451
4517236,The Short Game,2013,38856
4518579,The Sitter,2011,30538669
4518716,The Skeptic,2009,6223
4518933,The Slammin' Salmon,2009,41588
4519513,The Smurfs,2011,142614158
4519514,The Smurfs 2,2013,71017784
4519780,The Social Network,2010,96962694
4519972,The Soloist,2009,31670931
4520057,The Son of No One,2011,28870
4520234,The Sons of Tennessee Williams,2010,2852
4520278,The Sorcerer's Apprentice,2010,63150991
4521035,The Spectacular Now,2013,6851969
4521726,The Spy Next Door,2010,24268828
4522519,The Stepfather,2009,29062561
4523879,The Strategist Anthology,2013,1000
4524107,The Strip,2009,5107
4524816,The Summit,2012,218454
4524880,The Sun Behind the Clouds: Tibet's Struggle for Freedom,2010,65598
4525697,The Switch,2010,27758465
4526019,The Taking of Pelham 123,2009,65452312
4526445,The Taqwacores,2010,11175
4526968,The Tempest,2010,277943
4527103,The Tenant,2010,9586
4527806,The Thing,2011,16928670
4528231,The Thought Exchange,2012,67500
4528393,The Three Musketeers,2011,20377913
4528453,The Three Stooges,2012,44338224
4528825,The Tillman Story,2010,798940
4528964,The Time Traveler's Wife,2009,63414846
4529163,The To Do List,2013,3447339
4529599,The Tourist,2010,67631157
4529691,The Town,2010,92186262
4530667,The Tree of Life,2011,13303319
4530753,The Trial,2010,19246
4530850,The Trials of Muhammad Ali,2013,57579
4531181,The Trouble with Barry,2013,29058
4531183,The Trouble with Bliss,2011,10911
4531239,The Trouble with Terkel,2010,107284
4532123,The Twilight Saga: Breaking Dawn - Part 1,2011,281287133
4532124,The Twilight Saga: Breaking Dawn - Part 2,2012,292298923
4532128,The Twilight Saga: Eclipse,2010,300531751
4532133,The Twilight Saga: New Moon,2009,296623634
4532534,The Ugly Truth,2009,88915214
4532640,The Ultimate Life,2013,1326059
4532830,The Unborn,2009,42670410
4533419,The Uninvited,2009,28573173
4533623,The Unknown Known,2013,276381
4534856,The Velveteen Rabbit,2009,143715
4535676,The Virginity Hit,2010,535249
4536257,The Vow,2012,125014030
4536485,The Wait,2013,2109
4536608,The Waiting Room,2012,244092
4537535,The Watch,2012,35353000
4537826,The Way,2010,4430650
4537844,The Way Back,2010,2701859
4538152,The Way Way Back,2013,21501098
4538159,The Way We Get By,2009,106042
4538248,The We and the I,2012,28254
4538322,The Weathered Underground,2010,137405
4538722,The Weird World of Blowfly,2010,1721
4540044,The Wildest Dream,2010,873594
4541060,The Wolf of Wall Street,2013,116900694
4541092,The Wolfman,2010,61979680
4541103,The Wolverine,2013,132556852
4541687,The Woodmans,2010,38330
4541820,The Words,2012,11494838
4542339,The World's End,2013,26004851
4542509,The Worst Movie Ever!,2011,25206
4543414,The Yes Men Fix the World,2009,189506
4543632,The Young Victoria,2009,11001272
4543771,The Zero Theorem,2013,219438
4544858,There Be Dragons,2011,1065439
4545515,These Birds Walk,2013,10800
4546944,Think Like a Man,2012,91547205
4547174,Third Person,2013,1019038
4547582,This Ain't No Mouse Music,2013,34555
4547869,This Is 40,2012,67544505
4548111,This Is It,2009,72091016
4548181,This Is Martin Bonner,2013,13888
4548444,This Is the End,2013,101470202
4548735,This Means War,2012,54760791
4549594,Thor,2011,181030624
4549620,Thor: The Dark World,2013,206362140
4550485,Three Days,2012,2400
4552824,Thunder Soul,2010,143568
4554796,Tiger Eyes,2012,25163
4555817,Tim and Eric's Billion Dollar Movie,2012,200803
4555934,Tim's Vermeer,2013,1662566
4557906,Tiny Furniture,2010,389804
4559855,To Die Is Hard,2010,4189
4560891,To Rome with Love,2012,16685867
4560911,To Save a Life,2009,3773863
4561111,To the Arctic 3D,2012,14516858
4561325,To the Wonder,2012,586293
4562105,Today's Special,2009,400654
4562477,Toe to Toe,2009,21268
4566212,Tooth Fairy,2010,60022256
4567399,Torn,2013,18202
4568234,Total Recall,2012,58877969
4568927,Touchback,2011,204068
4569080,Touchy Feely,2013,35022
4569994,Tower Heist,2011,78046570
4570309,Toy Story 3,2010,415004880
4571015,Trade of Innocents,2012,15059
4572363,Trance,2013,2319187
4572901,Transformers: Dark of the Moon,2011,352390543
4572914,Transformers: Revenge of the Fallen,2009,402111870
4576192,Trespass,2011,16816
4576355,Trey,2013,25000
4578878,Tron,2010,172062763
4579492,Trouble with the Curve,2012,35763137
4580098,True Grit,2010,171243005
4580229,True Love Zombie,2012,100
4580709,Trust,2010,120016
4582669,Tucker and Dale vs Evil,2010,223838
4583879,Turbo,2013,83028128
4585649,Twelve,2010,181591
4585757,Twenty Feet from Stardom,2013,4946445
4592753,Ultrasuede: In Search of Halston,2010,3968
4597822,Una noche,2012,65233
4599151,Unconditional,2012,1005800
4599512,Undefeated,2011,562218
4600327,Under the Skin,2013,2605039
4600689,Underdogs,2013,34810
4601077,Underworld Awakening,2012,62321039
4601091,Underworld: Rise of the Lycans,2009,45802315
4603438,Union Square,2011,44830
4603973,Universal Soldier: Day of Reckoning,2012,5460
4603980,Universal Squadrons,2011,26000
4604180,Unknown,2011,63686397
4605656,Unstoppable,2010,81562942
4608601,Up,2009,293004164
4608921,Up in the Air,2009,83823381
4609597,Upstream Color,2013,444098
4612391,V/H/S,2012,99770
4612394,V/H/S/2,2013,21833
4613613,Valentine's Day,2010,110485654
4614654,Vampires Suck,2010,36661504
4614709,Vamps,2012,2964
4615346,Vanishing on 7th Street,2010,22197
4616997,Veer!,2012,85
4618667,Venus and Serena,2012,51000
4622486,Vidal Sassoon: The Movie,2010,85222
4625312,Violet & Daisy,2011,17186
4625371,Violet Tendencies,2010,5264
4625796,Virginia,2010,6915
4626991,Visitors,2013,70367
4627436,Vito Bonafacci,2011,9217
4633264,Wadjda,2012,1347578
4633849,Waiting for 'Superman',2010,6410257
4633872,Waiting for Armageddon,2009,10501
4633928,Waiting for Forever,2010,25517
4633990,Waiting for Lightning,2012,19537
4634807,Waking Sleeping Beauty,2009,80172
4635573,Walking the Camino: Six Ways to Santiago,2013,450000
4635646,Walking with Dinosaurs 3D,2013,36076121
4635673,Walking with the Enemy,2013,1002572
4635784,Wall Street: Money Never Sleeps,2010,52474616
4636557,Wanderlust,2012,17225675
4637298,War Horse,2011,79884879
4637438,War of the Worlds: Goliath,2012,13385
4637887,Warm Bodies,2013,66380662
4638122,Warrior,2011,13657115
4639656,Watchmen,2009,107509799
4639686,Water & Power,2013,79043
4639829,Water for Elephants,2011,58709717
4641524,We Are What We Are,2013,76633
4641583,We Bought a Zoo,2011,75624550
4641954,We Live in Public,2009,41711
4642083,We Need to Talk About Kevin,2011,1738692
4642252,We Steal Secrets: The Story of WikiLeaks,2013,158932
4642780,We're the Millers,2013,150394119
4643004,Weather Girl,2009,24573
4644782,Welcome to Pine Hill,2012,3629
4644928,Welcome to the Punch,2013,6787
4644936,Welcome to the Rileys,2010,152857
4646209,West of Memphis,2012,309864
4647846,What Goes Up,2009,2050
4648202,What If...,2010,814906
4648537,What Maisie Knew,2012,1065000
4649003,What to Expect When You're Expecting,2012,41152203
4649750,What's Your Number?,2011,14008193
4649910,Whatever Works,2009,5306447
4650358,When Comedy Went to School,2013,367913
4650626,When Harry Tries to Marry,2011,38261
4650847,When in Rome,2010,32669555
4651648,When the Iron Bird Flies: Tibetan Buddhism Arrives in the West,2012,13598
4652273,Whensday,2013,19463
4652861,Where Soldiers Come From,2011,38151
4653130,Where the Wild Things Are,2009,77233467
4653758,Whip It,2009,13043363
4654647,White House Down,2013,73103784
4654933,White on Rice,2009,68410
4655429,Whiteout,2009,10275638
4655578,Whiz Kids,2009,5016
4655925,Who Is Harry Nilsson (And Why Is Everybody Talkin' About Him?),2010,28200
4657207,Why Did I Get Married Too?,2010,60095852
4657603,Why Stop Now?,2012,1641
4660390,Willets Point,2009,2200
4660509,William Kunstler: Disturbing the Universe,2009,57769
4660530,William S. Burroughs: A Man Within,2010,46380
4661077,Win Win,2011,10179275
4661259,Windfall,2010,6093
4661969,Winnebago Man,2009,178174
4662092,Winnie the Pooh,2011,26692846
4662466,Winter of Frozen Dreams,2009,7334
4662580,Winter's Bone,2010,6531503
4663227,Wish Me Away,2011,15461
4663474,Witch Graveyard,2013,9554
4665851,Woman Thou Art Loosed: On the 7th Day,2012,1082299
4666010,Women Art Revolution,2010,51530
4666645,Won't Back Down,2012,5308553
4666868,Wonderful World,2009,8622
4667538,Words and Pictures,2013,2166206
4668620,World War Z,2013,202359711
4668743,World's Greatest Dad,2009,221210
4669550,Wrath of the Titans,2012,83670083
4669600,Wreck-It Ralph,2012,189422889
4669620,Wrecked,2010,4821
4670210,Wrong,2012,45209
4671773,X Games 3D: The Movie,2009,1391434
4671912,X-Men Origins: Wolverine,2009,179883157
4672056,X: First Class,2011,146408305
4676325,Year of the Living Dead,2013,8590
4676351,Year One,2009,43337279
4678867,Yogi Bear,2010,100246011
4679321,"Yoo-Hoo, Mrs. Goldberg",2009,1133662
4679673,You Again,2010,25702053
4680252,You Don't Need Feet to Dance,2013,1239
4680820,You Will Meet a Tall Dark Stranger,2010,3247816
4680852,You Wont Miss Me,2009,2240
4681083,You're Next,2011,18474268
4681446,Young Adult,2011,16311571
4682604,Your Highness,2011,21596445
4682802,Your Sister's Sister,2011,1573712
4683015,Youth in Revolt,2009,15281286
4687618,Zenith,2010,5958
4687875,Zero Dark Thirty,2012,95720716
4691112,Zombieland,2009,75590286
4691584,Zookeeper,2011,80360866
4696435,Évocateur: The Morton Downey Jr. Movie,2012,21476
